"GEO_ID","NAME","B19001_001E","B19001_001M","B19001_002E","B19001_002M","B19001_003E","B19001_003M","B19001_004E","B19001_004M","B19001_005E","B19001_005M","B19001_006E","B19001_006M","B19001_007E","B19001_007M","B19001_008E","B19001_008M","B19001_009E","B19001_009M","B19001_010E","B19001_010M","B19001_011E","B19001_011M","B19001_012E","B19001_012M","B19001_013E","B19001_013M","B19001_014E","B19001_014M","B19001_015E","B19001_015M","B19001_016E","B19001_016M","B19001_017E","B19001_017M",
"Geography","Geographic Area Name","Estimate!!Total:","Margin of Error!!Total:","Estimate!!Total:!!Less than $10,000","Margin of Error!!Total:!!Less than $10,000","Estimate!!Total:!!$10,000 to $14,999","Margin of Error!!Total:!!$10,000 to $14,999","Estimate!!Total:!!$15,000 to $19,999","Margin of Error!!Total:!!$15,000 to $19,999","Estimate!!Total:!!$20,000 to $24,999","Margin of Error!!Total:!!$20,000 to $24,999","Estimate!!Total:!!$25,000 to $29,999","Margin of Error!!Total:!!$25,000 to $29,999","Estimate!!Total:!!$30,000 to $34,999","Margin of Error!!Total:!!$30,000 to $34,999","Estimate!!Total:!!$35,000 to $39,999","Margin of Error!!Total:!!$35,000 to $39,999","Estimate!!Total:!!$40,000 to $44,999","Margin of Error!!Total:!!$40,000 to $44,999","Estimate!!Total:!!$45,000 to $49,999","Margin of Error!!Total:!!$45,000 to $49,999","Estimate!!Total:!!$50,000 to $59,999","Margin of Error!!Total:!!$50,000 to $59,999","Estimate!!Total:!!$60,000 to $74,999","Margin of Error!!Total:!!$60,000 to $74,999","Estimate!!Total:!!$75,000 to $99,999","Margin of Error!!Total:!!$75,000 to $99,999","Estimate!!Total:!!$100,000 to $124,999","Margin of Error!!Total:!!$100,000 to $124,999","Estimate!!Total:!!$125,000 to $149,999","Margin of Error!!Total:!!$125,000 to $149,999","Estimate!!Total:!!$150,000 to $199,999","Margin of Error!!Total:!!$150,000 to $199,999","Estimate!!Total:!!$200,000 or more","Margin of Error!!Total:!!$200,000 or more",
"1400000US06075010101","Census Tract 101.01; San Francisco County; California","1212","143","30","32","26","26","56","66","158","101","0","14","0","14","68","59","0","14","33","47","12","22","123","87","55","45","193","130","81","57","138","83","239","94",
"1400000US06075010102","Census Tract 101.02; San Francisco County; California","907","200","74","68","77","101","0","14","38","45","27","34","179","161","0","14","17","22","0","14","15","28","0","14","21","28","68","43","33","37","57","47","301","85",
"1400000US06075010201","Census Tract 102.01; San Francisco County; California","1375","174","56","40","5","9","13","21","10","19","52","37","27","28","32","31","0","14","0","14","0","14","68","59","46","32","38","29","149","108","261","162","618","138",
"1400000US06075010202","Census Tract 102.02; San Francisco County; California","1091","139","65","82","0","14","8","13","0","14","38","44","21","28","14","24","42","54","21","32","2","20","15","23","44","47","0","14","30","34","236","126","555","151",
"1400000US06075010300","Census Tract 103; San Francisco County; California","2143","355","108","90","94","87","58","67","0","14","76","119","41","48","44","58","0","14","0","14","0","14","125","130","147","112","58","57","112","92","327","270","953","210",
"1400000US06075010401","Census Tract 104.01; San Francisco County; California","944","203","84","56","73","64","0","14","0","14","0","14","7","14","0","14","57","46","17","26","6","11","28","37","91","77","9","16","42","46","58","44","472","191",
"1400000US06075010402","Census Tract 104.02; San Francisco County; California","1202","141","0","14","25","32","55","73","45","52","40","59","49","74","7","13","32","31","0","14","47","35","31","41","76","60","81","57","66","64","92","70","556","138",
"1400000US06075010500","Census Tract 105; San Francisco County; California","1738","213","46","53","97","110","0","14","52","42","0","14","65","63","6","9","16","18","33","32","24","21","92","57","202","126","86","64","103","61","159","73","757","173",
"1400000US06075010600","Census Tract 106; San Francisco County; California","1836","250","71","49","144","105","191","134","77","63","31","30","36","32","64","39","131","99","9","13","80","65","11","17","224","123","175","93","121","68","82","59","389","127",
"1400000US06075010701","Census Tract 107.01; San Francisco County; California","1834","237","250","135","337","173","97","78","214","109","98","102","179","139","14","23","113","83","34","42","194","157","92","66","27","34","85","74","8","16","51","46","41","38",
"1400000US06075010702","Census Tract 107.02; San Francisco County; California","674","95","32","27","95","79","0","14","0","14","29","30","13","13","0","14","11","16","29","42","61","67","57","53","97","59","10","15","8","14","70","51","162","78",
"1400000US06075010800","Census Tract 108; San Francisco County; California","2382","349","107","67","130","94","17","26","106","72","0","14","124","87","14","24","43","49","176","208","30","34","48","55","248","127","103","65","40","39","276","163","920","250",
"1400000US06075010901","Census Tract 109.01; San Francisco County; California","1071","126","22","33","25","31","21","24","10","17","31","29","48","47","9","14","7","14","0","14","13","16","10","18","54","64","65","40","101","53","134","73","521","124",
"1400000US06075010902","Census Tract 109.02; San Francisco County; California","1452","223","0","14","116","101","36","30","34","36","42","45","13","20","55","55","0","14","27","29","49","47","0","14","79","58","131","82","192","182","246","164","432","131",
"1400000US06075011001","Census Tract 110.01; San Francisco County; California","1405","216","89","123","143","94","20","22","102","61","10","18","0","14","6","11","52","35","0","14","10","15","79","84","143","84","102","89","62","54","134","73","453","120",
"1400000US06075011002","Census Tract 110.02; San Francisco County; California","1129","269","75","59","35","53","0","14","88","92","2","9","54","37","41","57","0","14","21","25","0","14","104","98","53","54","26","31","37","37","152","179","441","147",
"1400000US06075011101","Census Tract 111.01; San Francisco County; California","1473","227","90","73","6","11","0","14","60","74","39","40","17","26","34","34","28","30","36","32","36","35","169","154","173","101","157","90","99","66","166","84","363","115",
"1400000US06075011102","Census Tract 111.02; San Francisco County; California","1312","287","17","27","106","84","56","71","44","42","51","48","21","25","0","14","23","34","0","14","66","58","20","32","169","85","315","226","42","36","240","171","142","75",
"1400000US06075011200","Census Tract 112; San Francisco County; California","1633","227","90","64","133","118","95","71","15","23","10","17","40","38","0","14","58","54","20","25","98","68","28","26","108","75","142","117","38","37","200","104","558","156",
"1400000US06075011300","Census Tract 113; San Francisco County; California","1333","165","63","45","286","131","86","77","62","41","81","77","81","71","43","29","12","20","0","14","74","66","75","44","77","53","93","57","53","58","45","37","202","88",
"1400000US06075011700","Census Tract 117; San Francisco County; California","1111","151","17","27","93","87","97","95","78","86","45","39","96","91","0","14","33","38","36","60","103","82","13","20","75","53","90","61","69","65","60","47","206","85",
"1400000US06075011800","Census Tract 118; San Francisco County; California","716","89","117","53","93","49","17","16","47","32","13","14","21","16","11","13","60","50","35","40","45","44","48","38","75","42","75","53","28","22","24","23","7","11",
"1400000US06075011901","Census Tract 119.01; San Francisco County; California","1217","135","62","36","19","22","0","14","66","48","20","25","25","31","70","56","25","26","24","25","57","47","51","33","161","80","92","67","36","29","190","67","319","108",
"1400000US06075011902","Census Tract 119.02; San Francisco County; California","1678","210","69","55","80","100","41","60","16","26","46","41","92","90","32","35","44","28","70","104","81","54","216","107","239","103","150","82","143","71","96","56","263","121",
"1400000US06075012001","Census Tract 120.01; San Francisco County; California","1004","179","29","33","78","81","0","14","16","21","10","15","0","14","0","14","91","89","14","22","33","42","157","65","194","131","94","76","21","23","112","103","155","90",
"1400000US06075012002","Census Tract 120.02; San Francisco County; California","1359","259","153","120","10","17","11","17","85","99","189","228","0","14","32","31","32","38","0","14","60","51","146","113","185","107","150","98","0","14","90","82","216","112",
"1400000US06075012100","Census Tract 121; San Francisco County; California","2080","264","190","130","0","14","35","39","39","47","158","114","18","30","13","21","82","83","73","73","100","73","80","64","255","132","142","96","195","112","135","87","565","264",
"1400000US06075012202","Census Tract 122.02; San Francisco County; California","1488","172","144","104","112","82","64","66","211","127","57","59","74","69","12","18","0","14","12","19","136","113","145","110","179","114","31","33","65","46","66","46","180","122",
"1400000US06075012203","Census Tract 122.03; San Francisco County; California","1081","338","247","174","209","259","71","35","70","81","33","39","35","62","15","24","23","38","29","46","45","47","12","20","175","141","1","19","0","14","27","46","89","94",
"1400000US06075012204","Census Tract 122.04; San Francisco County; California","1566","296","75","70","54","87","34","36","238","256","99","115","51","47","14","24","32","33","30","48","89","59","147","81","138","113","208","73","77","92","109","86","171","121",
"1400000US06075012301","Census Tract 123.01; San Francisco County; California","1311","178","122","79","380","153","58","43","129","95","24","28","47","50","108","77","24","26","50","38","41","53","88","53","53","51","47","37","61","50","61","51","18","22",
"1400000US06075012302","Census Tract 123.02; San Francisco County; California","1886","183","211","98","107","57","79","61","75","48","108","74","144","130","51","66","39","38","111","77","73","50","151","78","207","97","167","97","121","76","88","50","154","94",
"1400000US06075012403","Census Tract 124.03; San Francisco County; California","1181","280","157","150","168","223","53","53","0","14","83","79","36","48","57","48","0","14","96","110","0","14","128","65","199","120","139","113","35","53","13","24","17","26",
"1400000US06075012404","Census Tract 124.04; San Francisco County; California","1499","372","131","82","151","90","223","343","40","40","65","77","139","121","17","20","80","30","69","68","137","83","118","97","192","124","27","45","65","61","45","39","0","14",
"1400000US06075012405","Census Tract 124.05; San Francisco County; California","2513","438","83","83","144","128","72","61","15","24","30","49","18","30","32","36","42","47","129","153","107","133","200","120","293","169","180","124","134","94","451","308","583","165",
"1400000US06075012406","Census Tract 124.06; San Francisco County; California","947","144","88","66","226","101","44","42","82","72","74","79","28","44","0","14","19","32","14","22","31","34","142","103","53","61","12","19","0","14","56","53","78","52",
"1400000US06075012502","Census Tract 125.02; San Francisco County; California","2270","314","71","70","630","179","479","315","255","162","30","36","24","39","101","106","42","48","0","14","202","131","82","82","18","29","207","191","32","47","54","87","43","49",
"1400000US06075012503","Census Tract 125.03; San Francisco County; California","2205","301","174","113","468","146","31","53","107","130","72","85","162","160","25","41","0","14","97","114","235","202","180","126","303","208","113","72","199","180","18","47","21","43",
"1400000US06075012504","Census Tract 125.04; San Francisco County; California","333","98","34","25","85","56","34","40","22","24","29","44","25","42","0","14","0","14","0","14","0","14","62","69","0","14","0","14","14","21","28","30","0","14",
"1400000US06075012601","Census Tract 126.01; San Francisco County; California","1291","158","24","25","20","24","7","13","23","25","16","25","0","14","47","45","33","49","0","14","9","13","53","39","69","51","114","70","134","77","286","117","456","118",
"1400000US06075012602","Census Tract 126.02; San Francisco County; California","1425","178","35","35","58","77","0","14","0","14","0","14","0","14","0","14","21","30","27","37","12","15","42","33","56","48","132","66","20","18","228","123","794","132",
"1400000US06075012700","Census Tract 127; San Francisco County; California","2074","293","112","131","18","28","0","14","19","31","0","14","0","14","0","14","16","26","48","61","0","14","89","67","131","97","50","53","77","64","250","128","1264","282",
"1400000US06075012801","Census Tract 128.01; San Francisco County; California","1210","167","61","73","50","46","0","14","43","37","0","14","0","14","9","14","47","54","0","14","15","24","23","27","55","49","73","64","9","15","74","67","751","194",
"1400000US06075012802","Census Tract 128.02; San Francisco County; California","935","165","9","14","0","14","0","14","0","14","0","14","26","43","17","27","0","14","6","9","27","35","51","43","65","47","19","24","37","30","78","60","600","158",
"1400000US06075012901","Census Tract 129.01; San Francisco County; California","1454","175","38","43","0","14","0","14","0","14","13","15","0","14","0","14","31","46","7","11","13","21","5","9","106","65","95","62","99","51","193","62","854","181",
"1400000US06075012902","Census Tract 129.02; San Francisco County; California","1700","210","0","14","0","14","38","61","0","14","0","14","0","14","16","24","14","23","24","38","47","44","87","73","163","101","82","50","176","109","152","96","901","184",
"1400000US06075013001","Census Tract 130.01; San Francisco County; California","863","139","17","27","18","28","0","14","0","14","8","13","0","14","63","95","28","27","12","19","0","14","32","37","20","28","201","65","57","61","70","48","337","102",
"1400000US06075013002","Census Tract 130.02; San Francisco County; California","1253","284","10","16","10","16","0","14","0","14","0","14","10","16","0","14","0","14","34","38","0","14","19","23","0","14","44","39","51","45","260","222","815","213",
"1400000US06075013101","Census Tract 131.01; San Francisco County; California","2343","264","56","46","46","71","14","23","0","14","10","15","31","36","0","14","0","14","32","37","61","49","146","104","110","79","207","133","141","118","287","152","1202","291",
"1400000US06075013102","Census Tract 131.02; San Francisco County; California","1565","306","0","14","10","19","8","13","38","47","0","14","10","16","44","47","39","41","0","14","94","66","27","26","115","60","23","22","186","127","73","42","898","300",
"1400000US06075013200","Census Tract 132; San Francisco County; California","2209","317","141","136","52","80","0","14","29","47","15","25","26","43","16","26","25","30","20","31","88","72","21","35","138","114","198","199","87","100","216","117","1137","222",
"1400000US06075013300","Census Tract 133; San Francisco County; California","1999","199","33","29","140","100","93","99","115","77","12","19","17","21","0","14","73","75","0","14","137","126","16","19","23","22","169","111","117","68","195","89","859","146",
"1400000US06075013401","Census Tract 134.01; San Francisco County; California","797","236","4","7","61","83","0","14","0","14","15","24","0","14","4","6","0","14","12","19","13","16","0","14","6","10","53","78","77","72","89","59","463","201",
"1400000US06075013402","Census Tract 134.02; San Francisco County; California","1205","203","0","14","3","5","30","45","0","14","98","109","12","20","9","17","13","22","13","22","8","14","0","14","66","58","71","52","175","130","195","108","512","170",
"1400000US06075013500","Census Tract 135; San Francisco County; California","1614","211","10","16","31","28","22","23","11","17","11","16","25","29","29","27","48","56","21","24","39","33","105","65","37","25","296","188","18","19","157","74","754","211",
"1400000US06075015100","Census Tract 151; San Francisco County; California","1713","140","106","66","69","45","71","51","10","16","9","14","42","48","7","11","28","21","36","43","9","15","34","27","198","91","113","53","49","31","235","91","697","136",
"1400000US06075015201","Census Tract 152.01; San Francisco County; California","973","149","61","45","111","90","14","22","9","15","27","29","33","39","0","14","0","14","12","19","41","39","29","35","140","93","49","49","150","91","127","81","170","85",
"1400000US06075015202","Census Tract 152.02; San Francisco County; California","1065","170","18","28","14","21","8","14","80","75","30","48","57","86","0","14","0","14","0","14","47","43","41","34","67","46","75","65","49","44","94","62","485","140",
"1400000US06075015300","Census Tract 153; San Francisco County; California","1077","126","11","19","29","30","11","17","11","18","0","14","0","14","41","41","17","30","47","42","60","67","49","36","43","38","88","72","21","21","87","54","562","124",
"1400000US06075015401","Census Tract 154.01; San Francisco County; California","1632","288","32","34","4","12","0","14","62","66","11","16","12","19","17","27","28","43","0","14","183","199","110","71","121","64","100","64","87","75","182","80","683","179",
"1400000US06075015402","Census Tract 154.02; San Francisco County; California","1331","291","0","14","0","14","16","25","27","23","68","72","9","14","27","41","0","14","0","14","9","15","89","59","20","24","78","56","10","15","285","276","693","91",
"1400000US06075015500","Census Tract 155; San Francisco County; California","2250","275","325","190","205","92","101","132","147","123","12","20","68","100","28","47","0","14","21","34","0","14","23","38","209","96","127","85","95","83","340","178","549","179",
"1400000US06075015600","Census Tract 156; San Francisco County; California","1376","207","58","47","121","68","0","14","77","51","32","29","56","86","0","14","61","63","44","47","0","14","65","43","220","143","114","51","46","38","148","69","334","89",
"1400000US06075015701","Census Tract 157.01; San Francisco County; California","1217","152","37","43","46","46","90","88","0","14","0","14","0","14","8","13","0","14","0","14","0","14","40","33","98","73","105","72","142","96","197","131","454","126",
"1400000US06075015702","Census Tract 157.02; San Francisco County; California","1397","213","11","17","14","22","28","36","0","14","39","57","0","14","11","20","0","14","11","17","26","31","56","42","96","81","81","44","61","47","239","107","724","205",
"1400000US06075015801","Census Tract 158.01; San Francisco County; California","1416","149","20","23","114","67","3","10","68","64","9","16","36","37","34","35","22","25","15","26","61","67","75","54","145","63","83","56","25","27","191","85","515","126",
"1400000US06075015802","Census Tract 158.02; San Francisco County; California","1572","155","136","83","19","23","21","26","12","19","7","12","35","48","41","49","0","14","26","30","23","26","65","62","146","108","186","90","92","58","214","96","549","132",
"1400000US06075015900","Census Tract 159; San Francisco County; California","2159","248","86","75","264","190","106","82","95","124","166","136","10","16","0","14","9","19","28","32","97","139","29","42","257","149","86","55","113","75","234","152","579","170",
"1400000US06075016000","Census Tract 160; San Francisco County; California","1724","446","163","126","124","71","19","22","33","31","21","26","7","11","23","27","31","38","28","23","83","66","56","36","126","70","108","71","379","422","121","75","402","117",
"1400000US06075016101","Census Tract 161.01; San Francisco County; California","1572","305","41","37","430","218","42","49","83","81","72","93","147","189","27","39","13","22","18","30","25","30","20","39","129","97","68","31","107","77","113","78","237","96",
"1400000US06075016102","Census Tract 161.02; San Francisco County; California","1212","256","118","90","324","262","60","52","80","55","56","86","23","35","0","14","11","18","53","62","47","64","65","65","269","116","0","14","98","110","0","14","8","14",
"1400000US06075016200","Census Tract 162; San Francisco County; California","1872","345","38","44","78","54","15","25","17","29","39","47","40","43","0","14","38","33","43","46","97","60","150","102","260","156","102","95","107","91","174","116","674","324",
"1400000US06075016300","Census Tract 163; San Francisco County; California","1944","234","133","93","24","40","88","82","57","74","79","69","13","21","112","108","19","33","67","56","83","74","54","55","232","105","62","56","174","171","242","127","505","157",
"1400000US06075016400","Census Tract 164; San Francisco County; California","1679","202","100","77","48","44","11","18","17","24","14","17","0","14","5","9","21","33","18","29","15","17","49","35","96","46","61","39","291","190","128","61","805","151",
"1400000US06075016500","Census Tract 165; San Francisco County; California","2303","259","194","135","12","19","26","43","104","77","26","30","10","21","16","27","0","19","34","42","7","12","72","58","193","121","201","126","198","165","140","84","1070","221",
"1400000US06075016601","Census Tract 166.01; San Francisco County; California","1511","211","59","58","39","39","9","15","25","24","27","34","13","20","6","10","7","12","64","61","27","26","87","64","122","58","106","68","180","201","130","72","610","140",
"1400000US06075016602","Census Tract 166.02; San Francisco County; California","988","240","22","27","13","22","0","14","0","14","0","14","0","14","0","14","72","33","0","14","0","14","72","58","41","30","17","24","66","52","81","55","604","231",
"1400000US06075016700","Census Tract 167; San Francisco County; California","2315","292","15","24","0","19","0","19","18","28","45","56","14","23","0","19","19","30","38","58","38","59","97","101","80","85","221","150","195","119","216","97","1319","331",
"1400000US06075016801","Census Tract 168.01; San Francisco County; California","1997","212","45","40","46","57","48","59","86","96","32","31","7","11","82","61","40","32","35","35","32","48","133","95","260","164","83","59","79","50","121","58","868","174",
"1400000US06075016802","Census Tract 168.02; San Francisco County; California","1924","222","77","64","85","98","107","97","49","53","24","38","33","40","15","25","49","74","46","72","58","53","127","102","191","166","106","100","74","61","208","127","675","175",
"1400000US06075016900","Census Tract 169; San Francisco County; California","1620","183","58","32","90","81","113","82","31","23","22","26","42","40","0","14","23","22","11","17","22","25","190","115","64","43","74","44","21","16","128","56","731","161",
"1400000US06075017000","Census Tract 170; San Francisco County; California","2146","271","120","127","23","35","0","14","16","26","41","48","42","37","43","65","0","14","35","36","16","26","76","85","88","74","97","78","127","103","173","111","1249","241",
"1400000US06075017101","Census Tract 171.01; San Francisco County; California","1776","214","44","34","0","14","0","14","0","14","3","7","14","22","34","50","0","14","70","55","19","24","37","35","267","163","130","81","131","75","136","72","891","103",
"1400000US06075017102","Census Tract 171.02; San Francisco County; California","1538","158","53","38","0","14","19","26","53","67","24","31","21","20","0","14","8","13","5","9","0","14","74","46","102","56","174","91","83","45","216","79","706","116",
"1400000US06075017602","Census Tract 176.02; San Francisco County; California","1534","262","167","114","76","62","63","61","165","119","10","16","57","90","30","48","15","31","58","72","20","31","61","55","170","103","33","33","62","75","297","209","250","128",
"1400000US06075017603","Census Tract 176.03; San Francisco County; California","2376","343","136","120","196","177","107","99","111","119","38","61","0","14","17","27","56","67","0","14","111","115","59","55","102","76","140","115","207","116","199","150","897","264",
"1400000US06075017604","Census Tract 176.04; San Francisco County; California","2175","221","104","90","199","164","0","14","72","121","30","48","0","14","24","38","0","14","75","86","187","122","47","65","283","185","216","170","164","122","316","149","458","195",
"1400000US06075017700","Census Tract 177; San Francisco County; California","1174","134","23","22","52","30","0","14","13","21","25","30","18","25","14","22","4","6","128","112","44","44","79","76","54","37","42","38","29","25","189","115","460","131",
"1400000US06075017801","Census Tract 178.01; San Francisco County; California","2381","214","182","90","467","161","305","152","156","84","63","75","89","88","47","55","17","29","0","14","39","46","60","70","128","86","11","19","23","31","266","159","528","181",
"1400000US06075017803","Census Tract 178.03; San Francisco County; California","1174","203","108","76","38","47","0","14","56","83","29","28","0","14","0","14","143","185","60","53","0","14","53","56","61","60","20","29","43","54","108","72","455","136",
"1400000US06075017804","Census Tract 178.04; San Francisco County; California","2132","299","224","147","163","111","26","40","42","49","16","25","52","57","42","40","15","32","7","13","0","14","27","42","124","98","128","112","385","225","143","95","738","237",
"1400000US06075017903","Census Tract 179.03; San Francisco County; California","617","96","14","21","37","30","26","33","21","29","10","21","39","38","25","21","23","25","16","20","35","36","4","8","122","51","22","21","13","14","60","41","150","80",
"1400000US06075018000","Census Tract 180; San Francisco County; California","1525","237","43","52","26","31","78","85","8","14","12","20","28","33","27","29","0","14","0","14","25","28","82","53","101","111","87","59","39","35","153","74","816","176",
"1400000US06075020101","Census Tract 201.01; San Francisco County; California","1917","288","83","85","137","129","67","56","45","37","14","23","0","14","17","28","39","36","0","14","30","35","32","25","290","242","124","68","187","86","217","121","635","194",
"1400000US06075020102","Census Tract 201.02; San Francisco County; California","1396","311","124","95","49","59","69","59","5","9","48","51","31","42","11","21","43","58","43","65","73","100","86","83","108","79","119","92","15","20","182","120","390","256",
"1400000US06075020201","Census Tract 202.01; San Francisco County; California","1005","150","84","94","123","92","0","14","30","39","13","20","86","64","24","30","0","14","14","23","0","14","40","40","119","84","27","34","0","14","79","51","366","114",
"1400000US06075020202","Census Tract 202.02; San Francisco County; California","2173","322","44","56","114","93","15","26","61","55","48","58","25","28","81","115","46","54","19","21","119","115","108","79","139","97","129","76","44","36","352","187","829","257",
"1400000US06075020300","Census Tract 203; San Francisco County; California","2189","491","59","42","60","70","56","35","8","14","0","14","17","27","77","59","58","63","10","16","26","29","23","26","219","115","143","78","136","67","332","264","965","394",
"1400000US06075020401","Census Tract 204.01; San Francisco County; California","1607","159","56","45","16","18","10","16","11","17","10","10","10","16","90","95","0","14","18","24","14","17","106","79","77","51","101","56","91","52","216","72","781","143",
"1400000US06075020402","Census Tract 204.02; San Francisco County; California","2385","275","117","78","160","156","0","14","16","26","0","14","0","14","31","34","7","12","0","14","66","60","99","74","183","93","347","174","134","75","269","130","956","191",
"1400000US06075020500","Census Tract 205; San Francisco County; California","1274","123","0","14","0","14","63","64","9","16","0","14","0","14","0","14","31","52","46","47","14","23","35","35","54","38","151","80","61","76","105","58","705","137",
"1400000US06075020601","Census Tract 206.01; San Francisco County; California","1399","145","28","27","49","33","81","69","75","74","27","33","27","29","3","5","23","34","12","18","9","16","92","74","45","36","84","70","37","32","116","111","691","140",
"1400000US06075020602","Census Tract 206.02; San Francisco County; California","1317","221","82","121","32","38","0","14","0","14","52","67","8","13","0","14","8","17","13","19","32","50","58","69","106","80","103","84","55","53","69","52","699","221",
"1400000US06075020701","Census Tract 207.01; San Francisco County; California","1397","171","0","14","34","38","5","10","31","43","12","19","0","14","17","22","43","64","0","14","43","37","11","18","12","21","42","34","123","65","274","145","750","169",
"1400000US06075020702","Census Tract 207.02; San Francisco County; California","1104","126","50","42","7","12","81","62","25","25","7","13","7","14","0","14","0","14","0","14","46","39","17","26","158","91","96","68","84","80","150","73","376","115",
"1400000US06075020801","Census Tract 208.01; San Francisco County; California","1519","169","44","47","91","58","40","38","64","53","16","21","38","37","26","31","16","27","23","34","108","72","110","80","114","87","146","118","121","73","131","84","431","105",
"1400000US06075020802","Census Tract 208.02; San Francisco County; California","1114","173","87","71","0","14","84","94","0","14","0","14","62","75","0","14","0","14","0","14","58","72","86","70","164","136","85","76","82","60","112","81","294","100",
"1400000US06075020900","Census Tract 209; San Francisco County; California","1557","199","143","85","0","14","51","53","31","38","72","42","66","58","11","15","7","12","44","34","100","71","89","47","265","133","90","60","126","68","76","42","386","111",
"1400000US06075021000","Census Tract 210; San Francisco County; California","1758","268","21","36","0","14","75","74","0","14","122","100","0","14","0","14","54","60","17","28","62","76","109","106","86","90","186","163","96","66","187","100","743","201",
"1400000US06075021100","Census Tract 211; San Francisco County; California","2021","219","45","32","9","13","0","14","20","21","14","22","18","21","0","14","6","10","86","127","30","22","133","89","94","68","131","76","125","76","146","77","1164","150",
"1400000US06075021200","Census Tract 212; San Francisco County; California","1424","200","14","22","17","24","64","104","20","28","31","28","0","14","12","13","11","18","8","13","0","14","88","56","125","61","94","56","60","34","193","77","687","130",
"1400000US06075021300","Census Tract 213; San Francisco County; California","1212","243","34","43","0","14","0","14","0","14","20","21","0","14","0","14","0","14","0","14","11","17","15","18","51","47","98","105","57","57","255","183","671","145",
"1400000US06075021400","Census Tract 214; San Francisco County; California","1716","206","33","50","79","85","6","10","19","26","55","39","45","42","9","14","0","14","4","8","41","41","56","42","92","61","93","70","67","41","173","77","944","182",
"1400000US06075021500","Census Tract 215; San Francisco County; California","2513","267","90","76","0","19","10","18","22","35","20","35","68","58","37","52","15","24","21","35","10","16","56","60","205","139","303","229","88","65","468","206","1100","200",
"1400000US06075021600","Census Tract 216; San Francisco County; California","2111","199","35","41","50","76","0","14","35","39","56","53","0","14","0","14","0","14","10","17","31","38","99","103","134","80","20","23","80","70","324","151","1237","258",
"1400000US06075021700","Census Tract 217; San Francisco County; California","1798","215","21","19","52","52","10","16","0","14","23","26","128","121","114","97","54","73","25","24","16","19","126","65","122","61","141","87","98","54","132","60","736","156",
"1400000US06075021800","Census Tract 218; San Francisco County; California","1777","173","51","58","0","14","11","17","18","21","0","14","23","26","10","15","16","24","40","38","47","44","13","16","128","84","85","46","111","83","246","83","978","189",
"1400000US06075022600","Census Tract 226; San Francisco County; California","2185","240","21","24","0","14","10","15","0","14","0","14","0","14","0","14","78","80","0","14","31","36","71","66","40","38","92","68","135","75","421","120","1286","216",
"1400000US06075022702","Census Tract 227.02; San Francisco County; California","1001","132","11","16","34","39","22","24","7","12","19","30","0","14","0","14","0","14","54","55","0","14","51","40","23","29","127","71","56","40","50","36","547","142",
"1400000US06075022704","Census Tract 227.04; San Francisco County; California","1822","146","9","15","14","18","63","61","42","34","11","13","25","21","3","5","14","16","30","28","11","17","106","62","140","73","52","34","78","43","132","66","1092","166",
"1400000US06075022801","Census Tract 228.01; San Francisco County; California","1895","153","52","60","40","29","135","133","66","58","0","14","33","51","93","83","90","101","35","24","35","41","55","58","76","66","192","120","80","64","191","90","722","174",
"1400000US06075022802","Census Tract 228.02; San Francisco County; California","751","174","7","11","19","19","34","35","0","14","0","14","16","19","28","34","6","10","0","14","4","7","58","36","34","25","159","165","27","25","55","25","304","58",
"1400000US06075022803","Census Tract 228.03; San Francisco County; California","1422","138","44","46","27","33","38","34","9","13","0","14","10","16","75","78","2","4","4","6","56","53","21","24","113","67","122","71","89","63","295","105","517","132",
"1400000US06075022901","Census Tract 229.01; San Francisco County; California","1408","153","11","18","91","86","35","35","8","14","54","49","82","65","7","12","24","25","26","43","74","73","82","69","243","96","87","69","128","83","208","104","248","101",
"1400000US06075022902","Census Tract 229.02; San Francisco County; California","727","78","25","33","14","15","0","14","13","15","0","14","0","14","6","9","14","13","29","31","21","18","62","50","40","33","38","34","27","22","77","38","361","85",
"1400000US06075022903","Census Tract 229.03; San Francisco County; California","1058","159","48","46","0","14","10","24","19","23","21","33","23","36","10","16","37","31","5","10","35","29","35","34","131","63","39","35","22","26","89","66","534","152",
"1400000US06075023001","Census Tract 230.01; San Francisco County; California","1319","112","61","50","0","19","53","54","12","18","0","19","6","10","3","7","11","18","8","25","66","56","110","72","132","57","161","88","85","71","355","160","256","102",
"1400000US06075023003","Census Tract 230.03; San Francisco County; California","1206","127","30","46","45","59","66","77","0","14","23","25","14","21","15","20","75","109","19","26","27","37","126","64","129","92","38","33","63","52","112","67","424","97",
"1400000US06075023102","Census Tract 231.02; San Francisco County; California","1128","140","141","110","88","69","122","97","0","14","75","75","33","56","25","42","47","46","62","92","98","100","83","67","99","74","39","35","60","62","32","45","124","75",
"1400000US06075023103","Census Tract 231.03; San Francisco County; California","1518","163","227","127","150","121","149","92","169","109","91","67","134","81","0","14","147","95","75","57","85","65","110","66","98","103","74","50","0","14","9","16","0","14",
"1400000US06075023200","Census Tract 232; San Francisco County; California","1153","213","89","77","46","49","14","24","0","14","0","14","35","40","0","14","58","64","13","22","91","60","91","97","126","142","46","40","83","56","136","102","325","118",
"1400000US06075023300","Census Tract 233; San Francisco County; California","1281","157","107","89","33","25","55","41","49","38","49","39","86","73","25","30","7","10","11","11","76","55","70","39","89","49","164","70","119","62","152","65","189","66",
"1400000US06075023400","Census Tract 234; San Francisco County; California","1169","202","102","85","45","71","109","86","48","51","141","136","23","40","23","38","32","49","0","14","0","14","47","48","55","77","29","39","65","62","248","91","202","94",
"1400000US06075025100","Census Tract 251; San Francisco County; California","1306","190","26","28","21","31","7","11","8","13","5","7","0","14","8","11","26","17","59","48","67","71","84","120","116","114","140","70","124","52","146","61","469","84",
"1400000US06075025200","Census Tract 252; San Francisco County; California","2463","407","233","324","106","103","0","19","55","90","31","36","0","19","20","33","18","28","90","142","0","19","87","64","204","145","226","212","80","57","199","140","1114","228",
"1400000US06075025300","Census Tract 253; San Francisco County; California","1692","163","32","32","17","19","23","26","10","16","0","14","11","17","15","17","10","16","15","17","98","82","56","52","54","46","109","67","172","106","256","102","814","149",
"1400000US06075025401","Census Tract 254.01; San Francisco County; California","1357","144","79","53","20","23","0","14","0","14","14","21","0","14","50","50","0","14","0","14","66","48","61","40","148","90","68","42","77","54","119","68","655","173",
"1400000US06075025402","Census Tract 254.02; San Francisco County; California","1087","157","18","23","10","19","19","20","0","14","0","14","80","93","16","26","0","14","0","14","74","42","41","34","41","34","43","36","53","46","241","82","451","155",
"1400000US06075025403","Census Tract 254.03; San Francisco County; California","1380","156","67","89","50","55","88","76","63","41","81","86","0","14","0","14","7","12","4","7","33","44","60","42","106","61","120","56","72","56","123","67","506","161",
"1400000US06075025501","Census Tract 255.01; San Francisco County; California","1031","186","0","14","9","17","9","17","60","70","0","14","0","14","14","25","17","22","14","25","54","50","30","28","110","73","151","70","52","40","157","85","354","176",
"1400000US06075025502","Census Tract 255.02; San Francisco County; California","1220","103","41","53","0","14","28","38","0","14","27","35","47","46","87","97","53","55","0","14","34","43","0","14","46","37","76","71","120","68","221","122","440","101",
"1400000US06075025600","Census Tract 256; San Francisco County; California","1656","181","18","21","32","33","27","36","8","13","32","37","64","53","96","115","80","71","27","42","42","44","95","61","248","103","79","55","134","117","189","71","485","130",
"1400000US06075025701","Census Tract 257.01; San Francisco County; California","1559","261","10","15","11","18","43","43","0","19","32","39","9","15","0","19","23","24","14","15","41","33","81","78","123","75","358","189","186","95","206","136","422","128",
"1400000US06075025702","Census Tract 257.02; San Francisco County; California","1135","137","76","90","8","14","55","55","0","14","21","23","19","21","0","14","16","21","70","67","30","27","137","95","132","75","143","101","39","54","183","127","206","104",
"1400000US06075025800","Census Tract 258; San Francisco County; California","621","139","23","28","43","42","44","39","13","13","0","14","7","10","111","125","15","16","16","24","36","33","2","8","57","41","40","26","17","22","81","51","116","44",
"1400000US06075025900","Census Tract 259; San Francisco County; California","1444","162","44","50","46","43","29","28","49","47","8","13","2","8","0","14","25","24","8","13","64","46","43","42","106","68","163","107","97","65","220","106","540","163",
"1400000US06075026001","Census Tract 260.01; San Francisco County; California","1785","221","21","24","33","36","18","29","50","40","66","83","6","10","46","46","70","56","10","16","112","95","168","82","131","97","196","112","55","47","282","162","521","164",
"1400000US06075026002","Census Tract 260.02; San Francisco County; California","1038","101","96","73","26","35","9","15","6","11","19","31","64","63","35","27","8","11","16","17","15","16","34","28","105","52","118","58","22","24","129","62","336","92",
"1400000US06075026003","Census Tract 260.03; San Francisco County; California","1393","171","50","50","0","14","18","27","3","13","14","22","29","29","33","40","42","43","45","41","8","16","128","74","333","124","91","69","155","119","65","64","379","111",
"1400000US06075026004","Census Tract 260.04; San Francisco County; California","1121","113","43","39","11","19","21","20","0","14","23","27","16","27","35","54","0","14","0","14","16","23","80","62","203","102","59","49","94","64","149","74","371","146",
"1400000US06075026100","Census Tract 261; San Francisco County; California","2007","265","63","60","60","55","8","15","45","48","82","101","94","90","0","19","39","38","28","34","80","58","76","92","247","108","234","91","108","74","292","125","551","219",
"1400000US06075026201","Census Tract 262.01; San Francisco County; California","999","123","28","45","8","12","0","14","23","26","36","50","22","36","19","23","21","31","16","19","16","20","47","32","59","43","129","83","99","45","189","103","287","140",
"1400000US06075026202","Census Tract 262.02; San Francisco County; California","1043","153","11","16","0","14","44","42","31","40","5","8","20","31","35","42","23","27","11","16","26","25","69","53","67","35","67","43","147","101","231","119","256","85",
"1400000US06075026301","Census Tract 263.01; San Francisco County; California","1365","165","74","78","125","104","3","11","19","24","15","18","60","74","7","11","34","53","14","20","26","31","101","76","138","86","172","114","168","76","147","100","262","106",
"1400000US06075026302","Census Tract 263.02; San Francisco County; California","1552","248","60","56","78","99","25","39","10","15","9","13","24","23","72","63","79","97","23","34","52","50","156","141","204","115","138","99","149","90","126","61","347","97",
"1400000US06075026303","Census Tract 263.03; San Francisco County; California","1342","259","28","35","14","22","53","57","20","21","0","14","8","13","45","38","26","27","18","22","96","63","185","212","185","132","94","76","90","60","127","60","353","82",
"1400000US06075026401","Census Tract 264.01; San Francisco County; California","1035","134","71","52","24","26","18","29","38","41","33","49","0","14","13","20","0","14","58","38","46","39","177","117","115","52","76","52","67","48","96","68","203","87",
"1400000US06075026402","Census Tract 264.02; San Francisco County; California","1262","238","27","26","30","39","34","39","7","11","14","15","37","44","18","21","0","14","0","14","121","77","78","65","128","79","169","85","58","34","166","119","375","190",
"1400000US06075026403","Census Tract 264.03; San Francisco County; California","1109","191","67","58","22","34","141","107","19","30","16","25","21","33","20","32","10","17","36","54","36","52","170","163","48","37","46","39","113","89","157","103","187","105",
"1400000US06075026404","Census Tract 264.04; San Francisco County; California","694","68","51","42","17","17","40","44","13","15","0","14","13","21","13","17","0","14","0","14","66","51","116","59","68","48","57","32","43","28","90","45","107","44",
"1400000US06075030101","Census Tract 301.01; San Francisco County; California","2098","239","58","66","0","14","11","18","15","25","15","24","117","75","10","18","36","43","39","34","84","70","74","81","187","87","130","82","211","170","637","241","474","152",
"1400000US06075030102","Census Tract 301.02; San Francisco County; California","2120","213","227","129","41","47","34","39","0","14","32","36","14","21","0","14","0","14","20","33","66","55","92","83","77","56","111","70","168","127","105","65","1133","236",
"1400000US06075030201","Census Tract 302.01; San Francisco County; California","1971","274","155","162","32","32","31","36","18","24","146","135","37","44","0","14","25","27","37","36","88","66","114","57","222","82","139","73","107","62","168","65","652","173",
"1400000US06075030202","Census Tract 302.02; San Francisco County; California","2045","263","26","29","34","39","45","39","50","53","0","14","0","14","16","26","69","57","0","14","24","36","227","182","321","131","116","68","102","68","355","129","660","193",
"1400000US06075030301","Census Tract 303.01; San Francisco County; California","2542","294","31","30","78","91","14","23","0","19","89","114","11","17","47","46","0","19","26","38","123","82","0","19","189","159","141","112","183","105","486","187","1124","288",
"1400000US06075030302","Census Tract 303.02; San Francisco County; California","1318","147","46","47","22","24","20","26","10","15","0","14","0","14","25","27","25","37","22","28","46","46","15","16","109","67","79","40","158","88","138","67","603","170",
"1400000US06075030400","Census Tract 304; San Francisco County; California","2193","326","20","22","99","149","33","38","26","23","0","19","0","19","95","92","24","27","7","12","67","55","125","89","192","173","326","245","158","77","185","104","836","122",
"1400000US06075030500","Census Tract 305; San Francisco County; California","1008","125","0","14","69","41","50","73","0","14","59","72","7","11","0","14","0","14","0","14","62","47","27","25","46","30","62","48","33","24","172","85","421","108",
"1400000US06075030600","Census Tract 306; San Francisco County; California","903","100","0","14","0","14","0","14","0","14","0","14","6","9","0","14","0","14","13","13","20","18","0","14","42","30","73","42","48","37","138","55","563","90",
"1400000US06075030700","Census Tract 307; San Francisco County; California","2685","238","60","58","20","33","30","43","52","72","37","46","0","19","52","36","71","88","82","84","45","66","123","84","309","203","239","124","171","142","168","84","1226","209",
"1400000US06075030800","Census Tract 308; San Francisco County; California","1998","272","23","27","46","72","19","29","27","31","0","19","0","19","0","19","0","19","45","47","26","29","83","61","211","108","135","85","281","133","125","63","977","234",
"1400000US06075030900","Census Tract 309; San Francisco County; California","2310","349","169","110","0","19","21","35","18","29","12","20","20","46","20","33","73","97","0","19","56","67","36","41","287","211","103","69","126","84","205","90","1164","279",
"1400000US06075031000","Census Tract 310; San Francisco County; California","1540","197","50","38","93","94","31","27","19","21","9","15","0","14","30","26","9","14","9","15","34","32","70","42","139","83","39","32","63","37","179","80","766","209",
"1400000US06075031100","Census Tract 311; San Francisco County; California","2387","247","58","47","82","85","65","76","0","19","0","19","62","61","17","25","44","51","79","65","22","27","92","71","102","61","192","93","69","51","311","157","1192","241",
"1400000US06075031201","Census Tract 312.01; San Francisco County; California","1789","186","71","72","57","58","0","19","43","44","112","78","51","58","87","81","27","26","51","51","75","59","134","80","140","80","154","88","114","60","238","117","435","128",
"1400000US06075031202","Census Tract 312.02; San Francisco County; California","818","72","42","45","23","25","4","6","4","6","8","12","15","13","15","14","20","31","0","14","13","14","23","24","82","46","98","51","32","29","187","77","252","78",
"1400000US06075031301","Census Tract 313.01; San Francisco County; California","1560","423","21","27","144","192","34","38","23","22","26","24","0","14","26","41","37","57","22","37","58","36","119","64","133","72","73","48","176","88","315","370","353","104",
"1400000US06075031302","Census Tract 313.02; San Francisco County; California","1733","229","12","14","7","17","0","14","88","51","13","21","21","26","9","14","29","36","71","70","62","57","105","79","174","94","255","113","180","100","209","100","498","202",
"1400000US06075031401","Census Tract 314.01; San Francisco County; California","658","76","13","10","3","9","0","14","90","55","0","14","48","48","0","14","11","14","0","14","11","20","64","53","86","57","76","53","39","35","91","57","126","51",
"1400000US06075031402","Census Tract 314.02; San Francisco County; California","1204","162","4","8","21","26","0","14","5","8","12","24","23","37","28","41","17","21","18","23","85","62","19","26","97","107","93","68","120","79","162","116","500","134",
"1400000US06075032601","Census Tract 326.01; San Francisco County; California","1782","170","63","66","88","78","52","41","13","20","0","14","14","22","41","52","18","22","5","8","41","38","64","57","241","135","56","38","183","73","260","81","643","154",
"1400000US06075032602","Census Tract 326.02; San Francisco County; California","1435","133","9","13","30","29","10","16","0","14","14","16","49","45","68","63","48","46","26","40","40","43","72","46","75","40","120","56","105","71","226","86","543","100",
"1400000US06075032700","Census Tract 327; San Francisco County; California","2414","360","69","97","145","120","0","19","71","74","52","53","30","34","58","47","57","46","16","24","76","75","117","106","195","157","190","113","85","68","299","129","954","289",
"1400000US06075032801","Census Tract 328.01; San Francisco County; California","1313","146","24","23","6","10","33","31","42","41","51","43","67","86","10","15","17","18","0","14","72","65","55","49","111","74","105","69","118","108","176","67","426","95",
"1400000US06075032802","Census Tract 328.02; San Francisco County; California","1528","164","69","67","93","75","45","35","0","14","9","15","38","33","23","26","13","20","52","60","76","66","46","44","187","93","142","81","98","60","145","68","492","144",
"1400000US06075032901","Census Tract 329.01; San Francisco County; California","1642","151","47","38","37","31","26","29","0","19","68","66","0","19","10","15","37","51","31","27","4","15","90","79","79","51","43","32","104","50","428","134","638","118",
"1400000US06075032902","Census Tract 329.02; San Francisco County; California","1330","171","29","27","0","14","26","22","38","36","64","67","16","24","7","11","0","14","19","28","25","28","84","38","196","104","235","121","89","56","150","119","352","96",
"1400000US06075033001","Census Tract 330.01; San Francisco County; California","1373","345","0","14","0","14","0","14","16","27","0","14","8","13","6","13","73","77","15","26","18","29","254","336","5","12","84","59","135","74","202","104","557","145",
"1400000US06075033002","Census Tract 330.02; San Francisco County; California","1533","180","14","22","66","64","40","55","13","22","42","47","0","14","14","27","0","14","11","17","20","22","98","57","130","78","116","96","136","73","170","88","663","182",
"1400000US06075033100","Census Tract 331; San Francisco County; California","1413","107","104","65","9","15","9","14","15","17","39","44","52","36","11","20","7","12","38","36","16","17","28","27","102","54","89","63","86","49","245","92","563","119",
"1400000US06075033201","Census Tract 332.01; San Francisco County; California","595","129","109","59","16","15","55","42","38","32","11","16","13","21","16","23","20","24","5","9","7","11","25","24","20","21","47","28","16","15","138","113","59","25",
"1400000US06075033203","Census Tract 332.03; San Francisco County; California","1589","268","93","58","90","73","55","41","122","192","15","22","27","30","77","58","25","29","27","27","135","146","136","96","140","93","19","20","91","60","169","76","368","110",
"1400000US06075033204","Census Tract 332.04; San Francisco County; California","1634","269","174","107","163","106","66","58","95","91","16","28","10","18","0","14","51","54","22","18","164","194","65","59","130","72","77","83","148","79","278","136","175","81",
"1400000US06075035101","Census Tract 351.01; San Francisco County; California","1460","264","43","51","39","36","0","14","22","26","13","21","75","81","30","34","29","18","0","14","62","62","206","85","119","80","143","108","80","56","87","55","512","252",
"1400000US06075035102","Census Tract 351.02; San Francisco County; California","1271","138","34","39","43","38","0","14","22","32","31","34","44","51","0","14","20","31","0","14","45","43","40","37","89","70","117","74","100","60","147","81","539","177",
"1400000US06075035201","Census Tract 352.01; San Francisco County; California","1867","132","58","52","51","53","49","59","33","39","74","62","11","18","68","66","44","36","22","24","115","70","138","100","128","58","165","88","164","88","226","76","521","144",
"1400000US06075035202","Census Tract 352.02; San Francisco County; California","1709","189","56","42","7","12","20","30","87","97","16","20","65","52","50","49","17","24","37","49","72","56","129","64","164","81","245","133","102","47","321","141","321","96",
"1400000US06075035300","Census Tract 353; San Francisco County; California","2551","304","61","44","108","90","142","175","33","40","0","19","71","83","58","63","55","86","19","32","85","78","62","62","110","84","207","122","152","118","383","191","1005","284",
"1400000US06075035400","Census Tract 354; San Francisco County; California","2444","294","37","41","198","131","0","19","25","31","16","27","45","42","69","78","55","51","31","47","61","51","135","85","149","94","107","85","431","270","306","110","779","151",
"1400000US06075040100","Census Tract 401; San Francisco County; California","1677","174","68","54","45","51","17","21","0","14","9","14","0","14","149","98","0","14","55","43","30","31","86","65","83","76","233","94","93","69","208","114","601","160",
"1400000US06075040200","Census Tract 402; San Francisco County; California","2326","337","71","92","22","38","64","84","19","30","44","48","39","59","30","36","21","33","31","38","50","77","58","54","419","195","94","72","105","68","267","117","992","304",
"1400000US06075042601","Census Tract 426.01; San Francisco County; California","1706","174","10","17","60","39","14","21","9","13","44","35","38","47","9","14","21","22","27","24","38","47","88","41","251","111","106","52","190","84","232","121","569","143",
"1400000US06075042602","Census Tract 426.02; San Francisco County; California","1346","123","13","21","49","49","0","14","39","37","9","14","0","14","25","27","54","64","42","35","11","16","27","30","95","59","101","68","132","85","215","67","534","134",
"1400000US06075042700","Census Tract 427; San Francisco County; California","2594","322","95","94","97","93","141","98","48","45","59","59","78","116","17","31","74","77","100","73","82","63","179","135","176","102","185","111","235","121","423","186","605","176",
"1400000US06075042800","Census Tract 428; San Francisco County; California","922","121","14","16","8","12","10","11","7","12","0","14","0","14","16","13","6","9","0","14","7","10","78","66","56","45","28","23","38","28","74","34","580","80",
"1400000US06075045100","Census Tract 451; San Francisco County; California","1919","281","21","26","0","14","0","14","23","29","62","66","36","34","40","34","2","10","17","25","125","79","43","45","227","113","95","65","104","68","217","111","907","247",
"1400000US06075045201","Census Tract 452.01; San Francisco County; California","1324","100","17","21","15","23","40","62","33","51","0","14","49","58","0","14","0","14","83","83","26","31","79","72","106","64","49","38","99","82","138","75","590","126",
"1400000US06075045202","Census Tract 452.02; San Francisco County; California","1465","294","27","27","0","14","22","24","45","41","29","25","8","14","34","52","13","21","120","145","116","65","90","54","81","63","85","62","40","44","188","102","567","254",
"1400000US06075047600","Census Tract 476; San Francisco County; California","2220","265","29","34","33","40","32","44","3","14","91","78","0","19","16","27","33","33","55","68","37","45","105","97","163","91","175","96","179","81","376","192","893","228",
"1400000US06075047701","Census Tract 477.01; San Francisco County; California","2008","191","139","89","58","50","18","20","23","21","21","23","69","58","28","26","8","12","82","74","121","143","114","73","180","79","184","100","148","81","138","79","677","132",
"1400000US06075047702","Census Tract 477.02; San Francisco County; California","1592","203","65","53","41","40","26","29","20","23","0","14","56","35","44","44","10","17","25","28","46","57","81","64","240","117","179","81","115","85","207","85","437","143",
"1400000US06075047801","Census Tract 478.01; San Francisco County; California","1703","144","21","32","0","14","8","13","34","26","39","40","47","55","18","21","9","15","34","41","123","74","56","45","183","79","103","48","61","38","178","84","789","146",
"1400000US06075047802","Census Tract 478.02; San Francisco County; California","1465","174","64","38","51","45","7","11","16","16","21","23","25","30","38","37","29","26","19","25","0","14","113","65","173","109","119","65","143","101","131","78","516","119",
"1400000US06075047902","Census Tract 479.02; San Francisco County; California","1517","176","85","61","0","14","56","73","41","44","6","9","8","13","22","35","0","14","77","85","73","61","52","38","226","90","96","61","70","42","270","135","435","107",
"1400000US06075047903","Census Tract 479.03; San Francisco County; California","1378","197","83","84","74","59","17","26","24","31","5","10","35","56","0","14","43","46","44","42","44","36","27","31","67","52","118","74","120","77","254","135","423","125",
"1400000US06075047904","Census Tract 479.04; San Francisco County; California","1469","375","72","58","165","121","0","14","13","21","68","84","10","16","60","55","0","14","19","29","33","37","11","17","331","353","142","72","51","49","28","31","466","101",
"1400000US06075060100","Census Tract 601; San Francisco County; California","1338","158","0","14","11","17","14","22","22","27","0","14","0","14","0","14","16","24","0","14","19","22","152","113","9","15","105","88","86","72","129","61","775","154",
"1400000US06075060400","Census Tract 604; San Francisco County; California","1026","129","53","50","0","14","42","28","54","50","12","20","65","74","10","16","7","11","50","41","60","62","57","53","96","57","186","92","61","38","93","64","180","71",
"1400000US06075060502","Census Tract 605.02; San Francisco County; California","925","95","161","64","65","59","32","38","52","38","23","23","102","78","27","30","26","28","31","25","36","39","13","16","114","56","55","41","31","40","51","39","106","54",
"1400000US06075060701","Census Tract 607.01; San Francisco County; California","3343","372","78","71","19","31","27","46","25","39","80","107","37","43","51","88","26","44","122","103","144","158","94","87","84","92","345","212","45","51","282","159","1884","446",
"1400000US06075060702","Census Tract 607.02; San Francisco County; California","1349","119","23","31","131","81","85","96","22","37","14","21","12","21","15","24","47","76","56","95","0","14","30","37","81","86","206","144","112","103","135","99","380","154",
"1400000US06075060703","Census Tract 607.03; San Francisco County; California","2784","350","30","41","219","89","41","66","62","82","22","39","0","19","0","19","179","280","119","130","30","49","82","79","176","157","185","134","87","95","261","168","1291","258",
"1400000US06075061000","Census Tract 610; San Francisco County; California","1625","224","67","67","9","21","18","29","25","25","17","20","11","22","0","14","8","12","118","121","165","105","131","106","151","97","87","48","104","74","206","94","508","141",
"1400000US06075061101","Census Tract 611.01; San Francisco County; California","935","168","220","106","198","132","67","48","47","36","22","21","7","11","0","14","102","85","9","15","52","51","76","53","58","52","18","22","8","13","4","7","47","33",
"1400000US06075061102","Census Tract 611.02; San Francisco County; California","917","111","52","39","179","104","47","37","84","73","31","28","39","48","25","27","65","52","52","47","24","28","103","85","61","64","61","67","13","21","30","31","51","62",
"1400000US06075061200","Census Tract 612; San Francisco County; California","1153","133","48","44","53","47","37","51","31","39","0","14","8","15","34","47","10","18","22","35","29","43","102","77","155","93","95","64","87","70","147","97","295","135",
"1400000US06075061401","Census Tract 614.01; San Francisco County; California","1459","188","62","55","61","89","24","28","37","48","21","34","0","14","35","55","100","70","13","21","20","27","75","59","146","104","46","41","121","73","76","58","622","191",
"1400000US06075061402","Census Tract 614.02; San Francisco County; California","1189","241","0","14","0","14","0","14","46","48","0","14","84","129","0","14","21","31","11","18","29","35","11","19","0","14","174","195","63","57","97","73","653","152",
"1400000US06075061501","Census Tract 615.01; San Francisco County; California","1195","470","219","292","0","14","12","18","14","24","12","20","31","38","0","14","0","14","8","13","13","22","58","81","33","42","22","27","85","91","27","36","661","372",
"1400000US06075061502","Census Tract 615.02; San Francisco County; California","1409","453","44","56","58","62","46","53","21","41","22","33","0","14","38","48","127","224","9","17","0","14","46","79","160","106","163","270","56","47","216","169","403","151",
"1400000US06075061503","Census Tract 615.03; San Francisco County; California","1998","311","148","187","25","44","17","34","65","74","0","14","46","72","0","14","30","50","0","14","19","31","14","24","114","117","119","116","162","98","371","171","868","316",
"1400000US06075061504","Census Tract 615.04; San Francisco County; California","1179","214","21","37","0","14","0","14","83","7","0","14","0","14","0","14","22","34","12","18","0","14","62","88","12","23","65","58","20","35","142","106","740","259",
"1400000US06075061505","Census Tract 615.05; San Francisco County; California","529","42","0","14","0","14","0","14","0","14","0","14","0","14","0","14","0","14","0","14","0","14","0","14","0","14","4","10","10","17","8","13","507","49",
"1400000US06075061506","Census Tract 615.06; San Francisco County; California","2762","453","20","33","0","14","0","14","0","14","0","14","61","95","0","14","16","26","20","34","0","14","56","54","149","111","138","170","21","33","316","228","1965","479",
"1400000US06075061507","Census Tract 615.07; San Francisco County; California","771","114","39","49","0","14","0","14","0","14","0","14","46","68","10","18","0","14","0","14","59","55","63","60","97","82","22","27","33","53","165","123","237","110",
"1400000US06075061508","Census Tract 615.08; San Francisco County; California","1117","176","12","21","0","14","0","14","0","14","0","14","17","26","0","14","9","19","13","22","20","32","19","31","143","124","38","44","44","43","367","231","435","178",
"1400000US06075980200","Census Tract 9802; San Francisco County; California","0","14","0","14","0","14","0","14","0","14","0","14","0","14","0","14","0","14","0","14","0","14","0","14","0","14","0","14","0","14","0","14","0","14",
"1400000US06075980300","Census Tract 9803; San Francisco County; California","40","24","0","14","0","14","0","14","0","14","0","14","0","14","0","14","9","9","0","14","0","14","0","14","0","14","19","22","5","7","4","6","3","5",
"1400000US06075980401","Census Tract 9804.01; San Francisco County; California","0","14","0","14","0","14","0","14","0","14","0","14","0","14","0","14","0","14","0","14","0","14","0","14","0","14","0","14","0","14","0","14","0","14",
"1400000US06075980501","Census Tract 9805.01; San Francisco County; California","123","49","5","7","100","50","5","7","5","7","0","14","0","14","4","7","0","14","0","14","0","14","4","8","0","14","0","14","0","14","0","14","0","14",
"1400000US06075980600","Census Tract 9806; San Francisco County; California","573","61","18","19","18","25","0","14","33","29","0","14","5","11","6","10","14","15","6","9","33","23","49","33","6","9","61","31","56","30","89","41","179","53",
"1400000US06075980900","Census Tract 9809; San Francisco County; California","180","65","29","36","33","42","0","14","3","7","4","6","8","12","0","14","0","14","0","14","30","34","0","14","21","23","0","14","0","14","31","33","21","17",
"1400000US06075990100","Census Tract 9901; San Francisco County; California","0","14","0","14","0","14","0","14","0","14","0","14","0","14","0","14","0","14","0","14","0","14","0","14","0","14","0","14","0","14","0","14","0","14",
"1400000US06075990200","Census Tract 9902; San Francisco County; California","0","14","0","14","0","14","0","14","0","14","0","14","0","14","0","14","0","14","0","14","0","14","0","14","0","14","0","14","0","14","0","14","0","14",
